<?xml version="1.0" encoding="UTF-8"?>
<!DOCTYPE mapper
  PUBLIC "-//mybatis.org//DTD Mapper 3.0//EN"
  "http://mybatis.org/dtd/mybatis-3-mapper.dtd">
<mapper namespace="kr.human.dynamic.dao.EmployeesDAO">
	<!-- namespace를 인터페이스 이름과 일치 시켜야 한다. -->
	<select id="selectList" resultType="Employees" parameterType="string">
		SELECT * FROM EMPLOYEES
		<where>
			 <if test="department_id != null">
			    department_id = #{department_id}
			 </if>
		</where>
	</select>

	<select id="selectDepartment" resultType="Departments">
		SELECT * FROM DEPARTMENTS 
	</select>

</mapper>