<?xml version="1.0" encoding="UTF-8"?>
<configuration>
    <!-- 로그 경로 변수 선언 -->
    <property name="LOG_DIR" value="${user.home}/logs/app" />
    <property name="LOG_PATH" value="${LOG_DIR}/app.log"/>
	
    <!-- log4jdbc 옵션 설정 -->
    <logger name="jdbc" level="OFF"/>
    <!-- connection open close 로깅 여부 -->
    <logger name="jdbc.connection" level="OFF"/>
    <!-- SQL문만 로깅할지 여부 -->
    <logger name="jdbc.sqlonly" level="OFF"/>
	
    <!-- 쿼리문 수행에 걸린 시간 로깅 -->
    <logger name="jdbc.sqltiming" level="DEBUG"/>
    
    <!-- ResultSet외 모든 JDBC 호출 정보를 로깅할지 여부   -->
    <logger name="jdbc.audit" level="OFF"/>
    
    <!-- ResultSet 포함 모든 JDBC 호출 정보를 로깅 -->
    <logger name="jdbc.resultset" level="OFF"/>
    <logger name="jdbc.resultsettable" level="INFO"/>
    
    <!-- use Spring default values -->
    <include resource="org/springframework/boot/logging/logback/defaults.xml"/>
    
    <!-- 콘솔 출력 -->
    <appender name="CONSOLE" class="ch.qos.logback.core.ConsoleAppender">
        <encoder>
            <pattern>${CONSOLE_LOG_PATTERN}</pattern>
        </encoder>
    </appender>
    
    <!-- SQL 결과 조회된 데이터의 table을 로그로 남긴다. -->
	<logger name="jdbc.resultsettable" level="ON" additivity="false">
		<appender-ref ref="CONSOLE"/>
	</logger>
	
    <!-- Rolling File Appender -->
    <appender name="ROLLING_FILE" class="ch.qos.logback.core.rolling.RollingFileAppender">
        <!-- 파일 경로 -->
        <file>${LOG_PATH}</file>
        <!-- 출력패턴 -->
        <encoder>
            <pattern>%d{yyyy-MM-dd HH:mm:ss.SSS}[%-5level] : %msg%n</pattern>
        </encoder>
        <!-- Rolling 정책 -->
        <rollingPolicy class="ch.qos.logback.core.rolling.TimeBasedRollingPolicy">
            <!-- .gz,.zip 등을 넣으면 자동으로 일자별 로그파일 압축 -->
            <fileNamePattern>${LOG_DIR}/app_%d{yyyy-MM-dd}_%i.log.gz</fileNamePattern>
            <timeBasedFileNamingAndTriggeringPolicy class="ch.qos.logback.core.rolling.SizeAndTimeBasedFNATP">
                <!-- 파일당 최고 용량 10MB -->
                <maxFileSize>10MB</maxFileSize>
            </timeBasedFileNamingAndTriggeringPolicy>
            <!-- 일자별 로그파일 최대 보관주기(일단위) 만약 해당 설정일 이상된 파일은 자동으로 제거-->
            <maxHistory>60</maxHistory>
        </rollingPolicy>
    </appender>
 
    <root level="INFO"> <!-- DEBUG -->
        <!-- 콘솔 출력 -->
        <appender-ref ref="CONSOLE"/> 
        <!-- 파일 출력 -->
        <!-- 
        <appender-ref ref="ROLLING_FILE"/> 
         -->
    </root>
</configuration>
